"""柠檬殿堂今天又掉一刀""",38856,"""绾绾管住手""",2,30,11,1,2
"""同萌纯爱战士协会up""",22493,"""蓝蓝蓝（吃井玩家）""",2,30,11,2,1
"""睡饱饱的观星所""",39290,"""苏月曦^""",2,30,11,3,10
"""装兔子的冰箱""",30830,"""两仪""",2,30,11,8,11
"""咸鱼湾""",971,"""川澄舞""",2,30,11,5,8
"""未闻掉刀摆烂坎公招人""",30468,"""最帅最欧""",2,30,11,7,4
"""28.1个人的月下莲""",26028,"""白上吹雪""",2,30,3,4,12
"""双子摘星""",13999,"""安""",2,30,11,6,5
"""泡泡茶壶""",27624,"""幸运小剑F""",2,30,5,15,15
"""休闲养老没烦恼""",26042,"""快看彩虹""",2,30,11,10,3
"""饿啊 我的超人！！""",42072,"""无痕3号""",1,30,1,14,14
"""莱茵骑士团（赌你的头""",6686,"""红茶（狗头赌没了）""",2,30,3,13,9
"""希望之花""",2227,"""麦克吉利斯""",2,30,5,11,7
"""心理疾病医院""",712,"""Monokuma""",2,30,5,19,20
"""灬欧洲兔兔连萌灬""",5476,"""兔兔灬狐狸贴贴""",2,30,11,18,17
"""迦勒底的异世界观星所""",722,"""silence""",2,2,10,26,1566
"""魔灵学院""",35787,"""小百灵FH i""",2,30,11,9,19
"""观潮阁摆烂保150""",10534,"""贤狼赫萝""",2,30,11,22,16
"""早下班，早睡觉""",5645,"""流炫（招人看简介）""",2,30,11,16,18
"""宫商角徵羽""",20650,"""绫濑夕映""",2,30,1,23,13
"""QAQ品红色的照相馆""",40912,"""decade""",2,30,2,20,21
"""玉衡""",4947,"""凝香 寂寞的守望者""",2,1,1,0,0
"""咕噜灵波~转一圈？""",26,"""这是六个数字四个字母""",2,30,12,21,24
"""Re:0""",19185,"""dio""",2,30,2,70,54
"""洗浴中心""",37909,"""朔月（被梯很抱歉）""",2,30,11,30,28
"""万年传承幻想乡""",4308,"""蓝天""",2,30,11,29,32
"""梦与魔法的乐园""",430,"""梦天真""",2,30,12,24,31
"""圣威院""",7510,"""星回尘河""",2,30,11,33,36
"""西红柿炒鸡蛋""",9156,"""非伤""",2,30,10,36,34
"""流光雾中萤""",19861,"""见切下防了 FHi""",2,30,12,40,41
"""君悦君兮君不知 摆烂""",22952,"""摸鱼王 某月""",2,30,10,25,27
"""QAQ萌国联邦""",2122,"""~利姆露~i""",2,30,3,27,26
"""爱酱保护协会""",1040,"""珈百璃""",2,30,1,42,30
"""会长急救中心""",20881,"""三三""",2,30,10,37,33
"""真步公主护卫会""",12709,"""婷婷丶挖矿加油""",2,30,5,47,56
"""莫得感情的行会""",367,"""天使w魔鬼乄""",2,30,12,41,48
"""炼铜术士聚集地""",4356,"""奥修""",2,30,10,31,38
"""灰与幻想的格林姆迦尔""",164,"""春酒""",2,30,11,46,35
"""星月晓颜""",13420,"""光月紫""",2,30,10,39,25
"""QAQ司寄协会""",21149,"""芈夜""",2,30,12,34,23
"""圣衡骑士团""",2505,"""PAL.星菓""",2,30,11,28,37
"""茶百道""",9635,"""伞伞""",2,5,10,55,1227
"""加把劲骑士团""",2905,"""掩饰""",2,30,12,38,42
"""会长在树上""",10180,"""不可一世狗少""",2,30,10,43,46
"""简简单单最真""",8973,"""青山七海""",2,30,1,45,49
"""公主近卫团""",13153,"""叮咚丶""",2,30,3,52,44
"""星城""",21275,"""焊接者""",2,30,15,48,39
"""柚子厨交流协会""",461,"""诺诺""",2,30,10,32,22
"""某正义的巴别塔""",24377,"""欧皇""",2,30,10,57,71
"""獨行天下""",9459,"""腹黑的兔子""",2,30,10,60,47
"""QAQ摆烂鱼塘""",8432,"""月藜""",2,30,10,50,40
"""绫绫""",3062,"""KiKient""",2,30,10,54,45
"""招高练度成员""",2442,"""近宗""",2,30,12,76,123
"""风居住的街道""",36974,"""梦~三千""",2,30,9,65,58
"""瑶光""",39541,"""雷欧利""",2,30,10,35,50
"""蜗仙居""",2308,"""小仓鼠黄瓜瓜  群i""",2,30,12,63,77
"""风域""",20151,"""男妈i""",2,28,10,51,95
"""大枫树""",8457,"""夏天i 已下防""",2,30,10,44,43
"""公主的顶点""",18953,"""本亚""",2,30,10,127,99
"""爱吃华莱士""",353,"""陌路""",2,30,10,79,59
"""三刀出完睡饱饱""",12441,"""收人90829012""",2,30,10,69,66
"""幻想次元（收人看简介""",2436,"""欧~力给""",2,30,10,85,64
"""红魔馆""",32808,"""驱纹戒斗""",2,30,10,49,53
"""潮鸣""",10003,"""记星""",2,30,10,74,78
"""蜗仙斋""",4752,"""萌萌一号""",2,30,12,83,74
"""喵喵连结（猫猫二会）""",1460,"""kami（jjc已挖""",2,30,10,61,60
"""圣骑士团""",25488,"""PAL.灵魂的救赎""",2,30,10,86,82
"""莱茵海盗团""",40971,"""风中吃西瓜""",2,30,10,73,52
"""圣剑""",313,"""晗中歌""",1,30,10,67,62
"""琉夏""",3340,"""犹汐""",2,30,10,87,86
"""灬欧洲兔兔集结灬""",35995,"""兔兔灬亦九""",2,30,10,64,61
"""希希公主幼儿园""",21188,"""公主希露薇""",2,30,5,58,69
"""纳萨里克大坟墓""",9334,"""莫莫伽*""",2,30,3,88,72
"""蜗仙苑""",2194,"""仔仔""",2,30,10,93,93
"""幻想乡""",13887,"""誓言""",2,30,10,91,104
"""蜗仙宗（蜗仙四会）""",41198,"""爪巴鱼（黄金矿工）""",2,30,1,96,109
"""初音MIKU小幸运""",2598,"""Zlonix""",2,30,10,62,83
"""QAQ盛夏泳装会""",34388,"""鱿鱼丝""",2,30,10,68,67
"""凯露酱的小鱼塘""",30192,"""ssc""",2,30,10,66,57
"""来点正常出刀活人加群""",1204,"""Hunter（在裙i""",2,30,10,80,108
"""龙宝随缘冲前50招人""",932,"""迷路镇的库露宓""",2,28,9,59,116
"""放学后茶会""",2561,"""諾蓓兒下防啦""",2,30,12,56,55
"""彼岸花曼珠沙华""",4769,"""红茶我的最爱丶已下防""",2,30,1,53,29
"""樱落""",8847,"""寻梦忆 pyq""",2,30,10,103,113
"""榴莲酱同学后援会""",7001,"""咖啡K""",2,27,10,109,135
"""悠水小筑""",2081,"""无路赛i""",1,30,10,77,84
"""洗浴二会""",41387,"""HL丶乄""",2,30,10,105,90
"""喵喵""",6153,"""简自在乄""",2,30,10,75,80
"""洛樱殿""",3666,"""梁山史艳文""",2,7,10,143,1572
"""阵列猫""",4125,"""千夏再次上班""",2,30,10,72,68
"""暖暖的铁匠铺""",40359,"""大锤80""",2,28,10,128,145
"""小小牢狱""",3053,"""泡泡茶壶""",2,30,12,84,79
"""Freesia""",4913,"""梨衣""",2,30,5,78,51
"""无忧茶馆""",31784,"""ashen""",2,30,3,82,96
"""寻芳阁""",38348,"""惠穿连衣裙的青衣""",2,30,10,117,76
"""风色幻想""",5805,"""辉pyX""",2,30,9,81,85
"""hxd一起冲""",33771,"""a8""",2,30,9,98,119
"""九州""",250,"""bbb""",2,29,12,120,141
"""星之愿招人中""",5726,"""k-on.F""",1,30,10,107,142
"""闲鱼""",10,"""乃鱼""",2,29,9,121,130
"""圣骑士团""",19277,"""PAL.毛裤""",2,30,10,135,92
"""Kreator""",16512,"""伊莉雅丝菲尔（下防）""",2,30,10,90,63
"""咸鱼想翻身""",3671,"""蓝色水瓶 （简介）""",1,30,9,137,139
"""月球炼铜乐团""",18,"""磷叶""",2,30,10,115,121
"""学生会""",15393,"""花沫沫(工会招人)""",2,30,10,112,88
"""泠鸢尾几度花""",14812,"""冰小蓝""",2,29,10,124,129
"""牧野行歌""",8926,"""逍遥""",2,30,3,114,115
"""贰货乐园""",10756,"""贰货兔子""",2,30,9,133,106
"""洛洛洛我爱薯片哈""",603,"""四缕""",2,30,10,126,136
"""复活社""",160,"""骄阳赤妖 FH""",2,30,2,118,105
"""炸骗团伙""",835,"""中野四叶i群简介""",2,30,10,94,75
"""缘念花""",2219,"""缘份""",2,30,12,99,110
"""Darling""",10252,"""雪雉""",2,30,3,140,107
"""公会之家""",3178,"""盐酥鸡腿菇i""",1,30,10,108,101
"""惨遭背刺零零碎碎公会""",2244,"""云间空流乄""",2,30,10,101,94
"""彼岸茶会之花""",28957,"""打妹妹你不心疼嘛""",2,29,9,113,133
"""梦幻联动""",16980,"""折木奉太郎""",2,30,10,97,91
"""四月你的谎言""",3046,"""杰瑞克斯（招人）""",2,27,2,138,128
"""鱼仔仔""",7650,"""大懒虫""",2,30,10,116,120
"""秋之枫叶红""",2992,"""GoldGunner""",1,30,10,123,98
"""学园都市""",582,"""王尼矛""",2,30,10,102,73
"""梦之阁""",4286,"""阳光菇""",2,28,10,139,140
"""天园""",2504,"""小小公子""",2,28,1,148,147
"""一肚子坏水""",40626,"""Daya""",2,30,12,104,100
"""皇家巡游""",4314,"""意如梦已下防""",2,30,2,95,87
"""艾薇吃不饱""",1467,"""奈何川""",1,30,1,2249,2704
"""美食殿堂""",6943,"""玩世不恭""",1,30,10,136,112
"""咕咕咕之家""",39375,"""物述""",2,29,9,130,132
"""幽水雅阁""",17942,"""追 梦 达 人^""",2,30,10,71,70
"""仓鼠的小窝""",4080,"""哈罗德""",2,30,5,131,122
"""京都养老院（招人）""",2973,"""漪宝（下防再见）""",1,30,10,106,103
"""邦邦[sup]甜花组""",11084,"""快乐断手器""",1,30,12,110,114
"""妖猫之宿""",72,"""风之痕""",1,30,10,125,111
"""早出刀早下班""",2613,"""阿巴阿巴""",2,30,9,144,118
"""82年的拉菲""",52,"""圆圆的圈圈^（已下防""",2,30,10,111,124
"""游戏宅""",5428,"""小春""",2,30,10,119,89
"""QAQ清梦星河""",10796,"""嗷嗷嗷""",2,30,9,100,65
"""圣盟（招人缺一）""",5572,"""浪花""",2,30,9,134,137
"""python培训班""",1620,"""维吉尔X""",1,30,5,122,127
"""泪雨梨花后援团（招人""",8693,"""碎钻回刺原路打回""",2,30,10,132,125
"""备战下期75万以上来""",2173,"""阿波罗""",1,30,10,141,134
"""猫猫头""",3616,"""良佘""",1,30,9,176,163
"""咲恋救济院""",20418,"""杰""",1,30,10,157,158
"""星沉大海""",6912,"""我布丁又miss了""",1,30,10,179,208
"""天井""",9042,"""老子才是真佑树""",2,27,9,145,152
"""虚印证章""",5936,"""黑本琦夜""",1,30,9,156,146
"""凯露农场""",1827,"""迷雾精灵""",1,30,9,158,155
"""编号9527""",1234,"""缘之空""",2,30,9,150,143
"""地狱之歌""",6916,"""莉莉安娜""",2,26,9,161,169
"""纳萨力克大坟墓""",5672,"""偶多多""",1,30,9,170,159
"""神之领域""",6191,"""骑士君乄""",2,30,10,146,138
"""迷迭迷迭paryi桑""",6101,"""FLxs风铃星誓 简""",1,30,3,153,117
"""天启前150会长女装""",4178,"""雪""",1,30,10,198,202
"""格雷姆林魔法结社""",8884,"""sky，p已下""",1,30,9,164,161
"""猫又小粥饭团屋""",1353,"""佑树桐人""",1,30,9,163,166
"""兰德索尔之翼""",23476,"""浅川途""",2,24,10,193,179
"""拉菲神教""",4857,"""猜猜我是谁""",2,5,9,542,2340
"""佩可莉姆应援团""",109,"""艾丝华伦斯坦""",2,28,9,173,174
"""名人堂（还要招2人）""",6967,"""古守家今天的饭""",2,28,10,155,151
"""妄想症（养老招人）""",23311,"""鹿畔""",1,30,9,162,162
"""护天的圣枪""",15365,"""爺""",2,23,9,149,186
"""圣骑士四团（Vvn）""",18689,"""皮卡皮卡皮""",2,26,9,186,230
"""久辞""",6894,"""菌菌""",2,28,10,152,150
"""梅兰竹菊收人收副会""",4840,"""屑魔女""",1,30,12,175,171
"""星月颜桃""",28582,"""星风""",2,22,2,245,254
"""Naruto""",4904,"""Hinata""",2,27,9,187,168
"""摇曳的理想乡""",9435,"""水中肥鸭(已下防)""",2,29,9,159,144
"""夏天的味道""",2134,"""夜雨""",2,27,9,188,194
"""angel""",2862,"""波动你心""",1,30,9,197,177
"""神魂灵域""",4274,"""我很乖巧的呢""",1,30,9,166,173
"""咸鱼佣兵团""",6124,"""龙宫院圣哉""",2,29,13,180,199
"""兰德索尔图书馆""",11479,"""好好先生""",2,30,9,165,167
"""QAQ夜行灯明""",43136,"""咸鱼肝i""",2,30,2,92,97
"""屋后的小池塘""",35597,"""呱呱02""",2,29,1,274,233
"""c5用法刀发群里了""",43144,"""雪蓝星pjcc挖不动""",1,30,10,282,187
"""龙骑兵团征兵""",3759,"""衣黑行会收人（简介）""",2,30,10,89,81
"""莱的父亲们""",43387,"""雪莱""",2,30,11,0,6
