"""柠檬殿堂招人""",38856,"""柠檬硬糖保3会招人F""",2,30,11,1,1
"""同萌协会up下期养生""",22493,"""蓝蓝蓝（吃井玩家）""",2,29,11,2,2
"""睡饱饱的观星所""",39290,"""苏月曦^""",2,30,11,3,3
"""装兔子的冰箱""",30830,"""两仪""",2,28,11,8,8
"""咸鱼湾""",971,"""川澄舞""",2,22,11,5,5
"""QAQ未闻花名""",30468,"""最帅最欧""",2,30,11,7,7
"""月下莲""",26028,"""玄文^""",2,28,3,4,4
"""双子摘星""",13999,"""安""",2,29,11,6,6
"""泡泡茶壶""",27624,"""幸运小剑F""",2,30,5,15,15
"""休闲养老没烦恼""",26042,"""快看彩虹""",2,27,11,10,10
"""无痕又掉刀了！痛哭！""",42072,"""无痕1号""",1,30,1,14,14
"""莱茵骑士团""",6686,"""红茶（莱茵故事会主编""",2,26,3,13,13
"""希望之花""",2227,"""麦克吉利斯""",2,30,5,11,11
"""心理疾病医院""",712,"""Monokuma""",2,29,5,19,19
"""灬欧洲兔兔连萌灬""",5476,"""兔兔灬狐狸贴贴""",2,30,11,18,18
"""迦勒底的异世界观星所""",722,"""silence""",2,2,10,26,26
"""魔灵学院""",35787,"""小百灵FH i""",2,29,11,9,9
"""观潮阁""",10534,"""贤狼赫萝""",2,30,11,22,22
"""连结""",5645,"""流炫（招人看简介）""",2,28,11,16,16
"""宫商角徵羽""",20650,"""绫濑夕映""",2,30,1,23,23
"""QAQ品红色的照相馆""",40912,"""decade""",2,30,2,20,20
"""玉衡""",4947,"""凝香 寂寞的守望者""",2,1,1,0,0
"""咕噜灵波~转一圈？""",26,"""这是六个数字四个字母""",2,30,12,21,21
"""Re:0""",19185,"""dio""",2,30,2,70,70
"""洗浴中心""",37909,"""小仓唯*""",2,25,11,30,30
"""万年传承幻想乡""",4308,"""蓝天""",2,30,11,29,29
"""梦与魔法的乐园招人""",430,"""梦天真""",2,30,12,24,24
"""圣威院""",7510,"""星回尘河""",2,27,11,33,33
"""西红柿炒鸡蛋""",9156,"""非伤""",2,29,10,36,36
"""流光雾中萤""",19861,"""见切 FHi""",2,30,12,40,40
"""君悦君兮君不知""",22952,"""摸鱼王 某月""",2,27,10,25,25
"""QAQ萌国联邦""",2122,"""~利姆露~i""",2,28,3,27,27
"""爱酱保护协会""",1040,"""珈百璃""",2,29,1,42,42
"""会长急救中心""",20881,"""三三""",2,29,10,37,37
"""真步公主护卫会""",12709,"""婷婷抱抱春妈""",2,30,5,47,47
"""莫得感情的行会""",367,"""天使w魔鬼W""",2,28,12,41,41
"""炼铜术士聚集地""",4356,"""奥修""",2,30,10,31,31
"""灰与幻想的格林姆迦尔""",164,"""春酒""",2,30,11,46,46
"""星月晓颜""",13420,"""光月紫""",2,30,10,39,39
"""QAQ司姬协会""",21149,"""芈夜""",2,30,12,34,34
"""圣衡骑士团""",2505,"""PAL.星""",2,25,11,28,28
"""茶百道""",9635,"""伞伞""",2,7,10,55,55
"""加把劲骑士团""",2905,"""掩饰""",2,30,12,38,38
"""会长在树上""",10180,"""月白""",2,30,10,43,43
"""简简单单最真""",8973,"""青山七海""",2,30,1,45,45
"""公主近卫团""",13153,"""叮咚丶""",2,28,3,52,52
"""星城""",21275,"""焊接者""",2,30,15,48,48
"""柚子厨交流协会""",461,"""诺诺""",2,29,10,32,32
"""某正义的巴别塔""",24377,"""欧皇""",2,30,10,57,57
"""行天下""",9459,"""腹黑的兔子""",2,29,10,60,60
"""QAQ枫叶鱼塘""",8432,"""月藜""",2,30,10,50,50
"""绫绫""",3062,"""田心田""",2,29,10,54,54
"""猫猫头联盟招人""",2442,"""近宗""",2,29,12,76,76
"""风居住的街道""",36974,"""梦~三千""",2,29,9,65,65
"""瑶光""",39541,"""雷欧利""",2,29,10,35,35
"""蜗仙居""",2308,"""小仓鼠黄瓜瓜  群i""",2,27,12,63,63
"""风域""",20151,"""男妈i""",2,25,10,51,51
"""大枫树""",8457,"""夏天i""",2,29,10,44,44
"""公主的顶点""",18953,"""本亚""",2,26,10,127,127
"""这彬彬就是逊啦（缺一""",353,"""陌路""",2,30,10,79,79
"""三刀出完睡饱饱""",12441,"""等待黎明""",2,28,10,69,69
"""幻想次元（收人看简介""",2436,"""欧~力给""",2,29,10,85,85
"""红魔馆""",32808,"""驱纹戒斗""",2,28,10,49,49
"""潮鸣""",10003,"""记星""",2,30,10,74,74
"""蜗仙斋""",4752,"""萌萌一号""",2,28,12,83,83
"""喵喵连结（猫猫二会）""",1460,"""kami（jjc已挖""",2,30,10,61,61
"""圣骑士团""",25488,"""PAL.灵魂的救赎""",2,29,10,86,86
"""莱茵海盗团""",40971,"""风中吃西瓜""",2,26,10,73,73
"""圣剑""",313,"""晗中歌""",1,30,10,67,67
"""琉夏""",3340,"""犹汐""",2,30,10,87,87
"""灬欧洲兔兔集结灬""",35995,"""兔兔灬亦九""",2,28,10,64,64
"""希希公主幼儿园""",21188,"""公主希露薇""",2,30,5,58,58
"""纳萨里克大坟墓""",9334,"""莫莫伽*""",2,30,3,88,88
"""蜗仙苑""",2194,"""双叶理央""",2,30,10,93,93
"""幻想乡""",13887,"""誓言""",2,30,10,91,91
"""蜗仙宗（蜗仙四会）""",41198,"""爪巴鱼（黄金矿工）""",2,30,1,96,96
"""初音MIKU小幸运""",2598,"""Zlonix""",2,30,10,62,62
"""QAQ盛夏泳装会""",34388,"""鱿鱼丝""",2,30,10,68,68
"""凯露酱的小鱼塘""",30192,"""ssc""",2,28,10,66,66
"""来点正常出刀活人加群""",1204,"""Hunter（在裙i""",1,27,10,80,80
"""龙宝随缘冲前50招人""",932,"""迷路镇的库露宓""",1,29,9,59,59
"""放学后茶会""",2561,"""Z蓓""",2,30,12,56,56
"""彼岸花曼珠沙华""",4769,"""红茶我的最爱丶""",2,30,1,53,53
"""樱落""",8847,"""寻梦忆 pyq""",2,29,10,103,103
"""榴莲酱同学后援会""",7001,"""咖啡K""",2,27,10,109,109
"""悠水小筑""",2081,"""无路赛i""",1,30,10,77,77
"""洗浴二会""",41387,"""HL丶W""",2,29,10,105,105
"""喵喵""",6153,"""简自在W""",2,29,10,75,75
"""洛樱殿""",3666,"""残月堕落""",2,7,10,143,143
"""阵列猫""",4125,"""千夏再次上班""",2,27,10,72,72
"""暖暖的铁匠铺""",40359,"""大锤80""",2,26,10,128,128
"""小小牢狱""",3053,"""泡泡茶壶""",2,28,12,84,84
"""Freesia""",4913,"""梨衣""",2,30,5,78,78
"""无忧茶馆""",31784,"""ashen""",1,23,3,82,82
"""寻芳阁""",38348,"""气盈意舒＾群简介""",2,26,10,117,117
"""风色幻想""",5805,"""辉pyX""",2,30,9,81,81
"""hxd一起冲""",33771,"""a8""",2,30,9,98,98
"""九州""",250,"""bbb""",2,29,12,120,120
"""星之愿招人中""",5726,"""k-on.F""",1,30,10,107,107
"""闲鱼""",10,"""乃鱼""",2,29,9,121,121
"""圣骑士团""",19277,"""PAL.毛裤""",2,26,10,135,135
"""Kreator""",16512,"""伊莉雅丝菲尔""",2,30,10,90,90
"""咸鱼想翻身""",3671,"""蓝色水瓶 （简介）""",1,30,9,137,137
"""月球炼铜乐团""",18,"""磷叶""",2,30,10,115,115
"""学生会""",15393,"""花沫沫(工会招人)""",2,30,10,112,112
"""泠鸢尾几度花""",14812,"""冰小蓝""",2,26,10,124,124
"""牧野行歌""",8926,"""逍遥""",2,30,3,114,114
"""贰货乐园""",10756,"""贰货兔子""",2,29,9,133,133
"""洛洛洛我爱薯片哈""",603,"""四缕""",2,29,10,126,126
"""复活社""",160,"""骄阳赤妖 FH""",2,28,2,118,118
"""炸骗团伙""",835,"""中野四叶i群简介""",2,29,10,94,94
"""缘念花""",2219,"""缘份""",2,29,12,99,99
"""Darling""",10252,"""雪雉""",2,30,3,140,140
"""公会之家""",3178,"""盐酥鸡腿菇i""",1,30,10,108,108
"""惨遭背刺零零碎碎公会""",2244,"""云间空流W""",2,30,10,101,101
"""彼岸茶会之花""",28957,"""doki君""",2,28,9,113,113
"""梦幻联动""",16980,"""折木奉太郎""",2,30,10,97,97
"""四月你的谎言""",3046,"""杰瑞克斯（招人）""",2,27,2,138,138
"""鱼仔仔""",7650,"""大懒虫""",2,29,10,116,116
"""秋之枫叶红""",2992,"""GoldGunner""",1,30,10,123,123
"""学园都市""",582,"""王尼矛""",2,30,10,102,102
"""梦之阁""",4286,"""阳光菇""",2,28,10,139,139
"""天园""",2504,"""小小公子""",2,27,1,148,148
"""一肚子坏水""",40626,"""Daya""",2,28,12,104,104
"""皇家巡游""",4314,"""意如梦""",2,30,2,95,95
"""艾薇吃不饱""",1467,"""乙坂有宇""",1,30,1,2249,2249
"""美食殿堂""",6943,"""玩世不恭""",1,30,10,136,136
"""咕咕咕之家""",39375,"""物述""",2,28,9,130,130
"""幽水雅阁""",17942,"""追 梦 达 人^py""",2,30,10,71,71
"""洗浴三会""",41769,"""安妙依^""",1,5,9,129,129
"""仓鼠的小窝（招人）""",4080,"""哈罗德""",2,29,5,131,131
"""京都养老院（招人）""",2973,"""漪宝""",1,30,10,106,106
"""邦邦[sup]甜花组""",11084,"""快乐断手器""",1,30,12,110,110
"""妖猫之宿""",72,"""风之痕""",1,30,10,125,125
"""早出刀早下班""",2613,"""阿巴阿巴""",2,30,9,144,144
"""82年的拉菲""",52,"""圆圆的圈圈^（群）""",2,30,10,111,111
"""游戏宅""",5428,"""小春""",1,27,10,119,119
"""QAQ清梦星河""",10796,"""嗷嗷嗷""",2,30,9,100,100
"""某科学的行会""",2035,"""一方通行""",2,25,10,160,160
"""圣盟（招人缺一）""",5572,"""浪花""",2,29,9,134,134
"""招一人""",1620,"""维吉尔X""",1,29,5,122,122
"""泪雨梨花后援团（招人""",8693,"""碎钻回刺原路打回""",2,30,10,132,132
"""备战下期75万以上来""",2173,"""阿波罗""",1,29,10,141,141
"""猫猫头""",3616,"""良佘""",2,29,9,176,176
"""D恋救济院""",20418,"""舰舰的奇幻冒险""",1,25,10,157,157
"""星沉大海""",6912,"""我布丁又miss了""",1,29,10,179,179
"""天井""",9042,"""老子才是真佑树""",2,26,9,145,145
"""虚印证章""",5936,"""黑本琦夜""",1,30,9,156,156
"""凯露农场""",1827,"""迷雾精灵""",1,29,9,158,158
"""编号9527""",1234,"""缘之空""",2,29,9,150,150
"""地狱之歌""",6916,"""莉莉安娜""",2,26,9,161,161
"""纳萨力克大坟墓""",5672,"""偶多多""",1,29,9,170,170
"""神之领域""",6191,"""骑士君W""",2,29,10,146,146
"""迷迭迷迭paryi桑""",6101,"""FLxs风铃星誓 简""",1,28,3,153,153
"""天启前150会长女装""",4178,"""雪""",1,26,10,198,198
"""格雷姆林魔法结社""",8884,"""sky""",1,27,9,164,164
"""猫又小粥饭团屋""",1353,"""佑树桐人""",1,30,9,163,163
"""兰德索尔之翼""",23476,"""浅川途""",2,25,10,193,193
"""拉菲神教""",4857,"""猜猜我是谁""",2,5,9,542,542
"""佩可莉姆应援团""",109,"""艾丝华伦斯坦""",2,28,9,173,173
"""名人堂（还要招2人）""",6967,"""古守家今天的饭""",2,28,10,155,155
"""妄想症（养老招人）""",23311,"""鹿畔""",1,29,9,162,162
"""护天的圣枪""",15365,"""""",2,24,9,149,149
"""圣骑士四团（Vvn）""",18689,"""皮卡皮卡皮""",2,26,9,186,186
"""久辞""",6894,"""菌菌""",2,28,10,152,152
"""梅兰竹菊收人收副会""",4840,"""屑魔女""",1,30,12,175,175
"""星月颜桃""",28582,"""星风""",3,22,2,245,245
"""Naruto""",4904,"""Hinata""",2,27,9,187,187
"""摇曳的理想乡""",9435,"""水中肥鸭""",1,29,9,159,159
"""夏天的味道""",2134,"""夜雨""",2,27,9,188,188
"""angel""",2862,"""波动你心""",2,29,9,197,197
"""神魂灵域""",4274,"""我很乖巧的呢""",1,28,9,166,166
"""咸鱼佣兵团""",6124,"""龙宫院圣哉""",2,29,13,180,180
"""兰德索尔图书馆""",11479,"""好好先生""",1,30,9,165,165
"""QAQ夜行灯明""",43136,"""咸鱼肝i""",2,30,2,92,92
"""屋后的小池塘""",35597,"""呱呱02""",2,29,1,274,274
"""大大牢饭""",43144,"""雪蓝星pjcc挖不动""",1,27,10,282,282
"""龙骑兵团征兵""",3759,"""衣黑行会收人（简介）""",2,29,10,89,89
